us_state,search_term,position_location,num_of_jobs
Alabama,title:(data engineer),data engineer jobs in Alabama,Page 1 of 81 jobs
Alabama,title:(data scientist),data scientist jobs in Alabama,Page 1 of 31 jobs
Alabama,title:(data analyst),data analyst jobs in Alabama,Page 1 of 87 jobs
Alabama,title:(data engineer),data engineer jobs in Alabama,Page 1 of 81 jobs
Alabama,title:(data scientist),data scientist jobs in Alabama,Page 1 of 31 jobs
Alabama,title:(data analyst),data analyst jobs in Alabama,Page 1 of 87 jobs
Alaska,title:(data engineer),data engineer jobs in Alaska,Page 1 of 17 jobs
Alaska,title:(data scientist),data scientist jobs in Alaska,Page 1 of 1 jobs
Alaska,title:(data analyst),data analyst jobs in Alaska,Page 1 of 14 jobs
Arizona,title:(data engineer),data engineer jobs in Arizona,Page 1 of 334 jobs
Arizona,title:(data scientist),data scientist jobs in Arizona,Page 1 of 94 jobs
Arizona,title:(data analyst),data analyst jobs in Arizona,Page 1 of 238 jobs
Arkansas,title:(data engineer),data engineer jobs in Arkansas,Page 1 of 61 jobs
Arkansas,title:(data scientist),data scientist jobs in Arkansas,Page 1 of 51 jobs
Arkansas,title:(data analyst),data analyst jobs in Arkansas,Page 1 of 96 jobs
California,title:(data engineer),data engineer jobs in California,"Page 1 of 3,342 jobs"
California,title:(data scientist),data scientist jobs in California,"Page 1 of 1,620 jobs"
California,title:(data analyst),data analyst jobs in California,"Page 1 of 1,577 jobs"
Colorado,title:(data engineer),data engineer jobs in Colorado,Page 1 of 252 jobs
Colorado,title:(data scientist),data scientist jobs in Colorado,Page 1 of 120 jobs
Colorado,title:(data analyst),data analyst jobs in Colorado,Page 1 of 215 jobs
Connecticut,title:(data engineer),data engineer jobs in Connecticut,Page 1 of 242 jobs
Connecticut,title:(data scientist),data scientist jobs in Connecticut,Page 1 of 102 jobs
Connecticut,title:(data analyst),data analyst jobs in Connecticut,Page 1 of 182 jobs
Delaware,title:(data engineer),data engineer jobs in Delaware,Page 1 of 72 jobs
Delaware,title:(data scientist),data scientist jobs in Delaware,Page 1 of 26 jobs
Delaware,title:(data analyst),data analyst jobs in Delaware,Page 1 of 73 jobs
Florida,title:(data engineer),data engineer jobs in Florida,Page 1 of 606 jobs
Florida,title:(data scientist),data scientist jobs in Florida,Page 1 of 269 jobs
Florida,title:(data analyst),data analyst jobs in Florida,Page 1 of 629 jobs
Georgia,title:(data engineer),data engineer jobs in Georgia,Page 1 of 535 jobs
Georgia,title:(data scientist),data scientist jobs in Georgia,Page 1 of 295 jobs
Georgia,title:(data analyst),data analyst jobs in Georgia,Page 1 of 543 jobs
Hawaii,title:(data engineer),data engineer jobs in Hawaii,Page 1 of 54 jobs
Hawaii,title:(data scientist),data scientist jobs in Hawaii,Page 1 of 22 jobs
Hawaii,title:(data analyst),data analyst jobs in Hawaii,Page 1 of 36 jobs
Idaho,title:(data engineer),data engineer jobs in Idaho,Page 1 of 57 jobs
Idaho,title:(data scientist),data scientist jobs in Idaho,Page 1 of 11 jobs
Idaho,title:(data analyst),data analyst jobs in Idaho,Page 1 of 37 jobs
Illinois,title:(data engineer),data engineer jobs in Illinois,Page 1 of 967 jobs
Illinois,title:(data scientist),data scientist jobs in Illinois,Page 1 of 374 jobs
Illinois,title:(data analyst),data analyst jobs in Illinois,Page 1 of 685 jobs
Indiana,title:(data engineer),data engineer jobs in Indiana,Page 1 of 187 jobs
Indiana,title:(data scientist),data scientist jobs in Indiana,Page 1 of 45 jobs
Indiana,title:(data analyst),data analyst jobs in Indiana,Page 1 of 171 jobs
Iowa,title:(data engineer),data engineer jobs in Iowa,Page 1 of 85 jobs
Iowa,title:(data scientist),data scientist jobs in Iowa,Page 1 of 24 jobs
Iowa,title:(data analyst),data analyst jobs in Iowa,Page 1 of 79 jobs
Kansas,title:(data engineer),data engineer jobs in Kansas,Page 1 of 89 jobs
Kansas,title:(data scientist),data scientist jobs in Kansas,Page 1 of 28 jobs
Kansas,title:(data analyst),data analyst jobs in Kansas,Page 1 of 57 jobs
Kentucky,title:(data engineer),data engineer jobs in Kentucky,Page 1 of 45 jobs
Kentucky,title:(data scientist),data scientist jobs in Kentucky,Page 1 of 18 jobs
Kentucky,title:(data analyst),data analyst jobs in Kentucky,Page 1 of 75 jobs
Louisiana,title:(data engineer),data engineer jobs in Louisiana,Page 1 of 47 jobs
Louisiana,title:(data scientist),data scientist jobs in Louisiana,Page 1 of 19 jobs
Louisiana,title:(data analyst),data analyst jobs in Louisiana,Page 1 of 68 jobs
Maine,title:(data engineer),data engineer jobs in Maine,Page 1 of 37 jobs
Maine,title:(data scientist),data scientist jobs in Maine,Page 1 of 24 jobs
Maine,title:(data analyst),data analyst jobs in Maine,Page 1 of 45 jobs
Maryland,title:(data engineer),data engineer jobs in Maryland,Page 1 of 509 jobs
Maryland,title:(data scientist),data scientist jobs in Maryland,Page 1 of 332 jobs
Maryland,title:(data analyst),data analyst jobs in Maryland,Page 1 of 379 jobs
Massachusetts,title:(data engineer),data engineer jobs in Massachusetts,"Page 1 of 1,034 jobs"
Massachusetts,title:(data scientist),data scientist jobs in Massachusetts,Page 1 of 514 jobs
Massachusetts,title:(data analyst),data analyst jobs in Massachusetts,Page 1 of 534 jobs
Michigan,title:(data engineer),data engineer jobs in Michigan,Page 1 of 342 jobs
Michigan,title:(data scientist),data scientist jobs in Michigan,Page 1 of 115 jobs
Michigan,title:(data analyst),data analyst jobs in Michigan,Page 1 of 255 jobs
Minnesota,title:(data engineer),data engineer jobs in Minnesota,Page 1 of 272 jobs
Minnesota,title:(data scientist),data scientist jobs in Minnesota,Page 1 of 120 jobs
Minnesota,title:(data analyst),data analyst jobs in Minnesota,Page 1 of 279 jobs
Mississippi,title:(data engineer),data engineer jobs in Mississippi,Page 1 of 23 jobs
Mississippi,title:(data scientist),data scientist jobs in Mississippi,Page 1 of 6 jobs
Mississippi,title:(data analyst),data analyst jobs in Mississippi,Page 1 of 34 jobs
Missouri,title:(data engineer),data engineer jobs in Missouri,Page 1 of 233 jobs
Missouri,title:(data scientist),data scientist jobs in Missouri,Page 1 of 127 jobs
Missouri,title:(data analyst),data analyst jobs in Missouri,Page 1 of 260 jobs
Montana,title:(data engineer),data engineer jobs in Montana,Page 1 of 47 jobs
Montana,title:(data scientist),data scientist jobs in Montana,Page 1 of 9 jobs
Montana,title:(data analyst),data analyst jobs in Montana,Page 1 of 21 jobs
Nebraska,title:(data engineer),data engineer jobs in Nebraska,Page 1 of 75 jobs
Nebraska,title:(data scientist),data scientist jobs in Nebraska,Page 1 of 25 jobs
Nebraska,title:(data analyst),data analyst jobs in Nebraska,Page 1 of 76 jobs
Nevada,title:(data engineer),data engineer jobs in Nevada,Page 1 of 71 jobs
Nevada,title:(data scientist),data scientist jobs in Nevada,Page 1 of 17 jobs
Nevada,title:(data analyst),data analyst jobs in Nevada,Page 1 of 76 jobs
New Hampshire,title:(data engineer),data engineer jobs in New Hampshire,Page 1 of 44 jobs
New Hampshire,title:(data scientist),data scientist jobs in New Hampshire,Page 1 of 18 jobs
New Hampshire,title:(data analyst),data analyst jobs in New Hampshire,Page 1 of 44 jobs
New Jersey,title:(data engineer),data engineer jobs in New Jersey,Page 1 of 544 jobs
New Jersey,title:(data scientist),data scientist jobs in New Jersey,Page 1 of 269 jobs
New Jersey,title:(data analyst),data analyst jobs in New Jersey,Page 1 of 420 jobs
New Mexico,title:(data engineer),data engineer jobs in New Mexico,Page 1 of 68 jobs
New Mexico,title:(data scientist),data scientist jobs in New Mexico,Page 1 of 19 jobs
New Mexico,title:(data analyst),data analyst jobs in New Mexico,Page 1 of 40 jobs
New York State,title:(data engineer),data engineer jobs in New York State,"Page 1 of 1,409 jobs"
New York State,title:(data scientist),data scientist jobs in New York State,Page 1 of 723 jobs
New York State,title:(data analyst),data analyst jobs in New York State,"Page 1 of 1,363 jobs"
North Carolina,title:(data engineer),data engineer jobs in North Carolina,Page 1 of 548 jobs
North Carolina,title:(data scientist),data scientist jobs in North Carolina,Page 1 of 253 jobs
North Carolina,title:(data analyst),data analyst jobs in North Carolina,Page 1 of 441 jobs
North Dakota,title:(data engineer),data engineer jobs in North Dakota,Page 1 of 19 jobs
North Dakota,title:(data scientist),data scientist jobs in North Dakota,Page 1 of 4 jobs
North Dakota,title:(data analyst),data analyst jobs in North Dakota,Page 1 of 13 jobs
Ohio,title:(data engineer),data engineer jobs in Ohio,Page 1 of 512 jobs
Ohio,title:(data scientist),data scientist jobs in Ohio,Page 1 of 185 jobs
Ohio,title:(data analyst),data analyst jobs in Ohio,Page 1 of 342 jobs
Oklahoma,title:(data engineer),data engineer jobs in Oklahoma,Page 1 of 44 jobs
Oklahoma,title:(data scientist),data scientist jobs in Oklahoma,Page 1 of 18 jobs
Oklahoma,title:(data analyst),data analyst jobs in Oklahoma,Page 1 of 68 jobs
Oregon,title:(data engineer),data engineer jobs in Oregon,Page 1 of 226 jobs
Oregon,title:(data scientist),data scientist jobs in Oregon,Page 1 of 120 jobs
Oregon,title:(data analyst),data analyst jobs in Oregon,Page 1 of 170 jobs
Pennsylvania,title:(data engineer),data engineer jobs in Pennsylvania,Page 1 of 600 jobs
Pennsylvania,title:(data scientist),data scientist jobs in Pennsylvania,Page 1 of 286 jobs
Pennsylvania,title:(data analyst),data analyst jobs in Pennsylvania,Page 1 of 495 jobs
Rhode Island,title:(data engineer),data engineer jobs in Rhode Island,Page 1 of 46 jobs
Rhode Island,title:(data scientist),data scientist jobs in Rhode Island,Page 1 of 31 jobs
Rhode Island,title:(data analyst),data analyst jobs in Rhode Island,Page 1 of 50 jobs
South Carolina,title:(data engineer),data engineer jobs in South Carolina,Page 1 of 60 jobs
South Carolina,title:(data scientist),data scientist jobs in South Carolina,Page 1 of 26 jobs
South Carolina,title:(data analyst),data analyst jobs in South Carolina,Page 1 of 101 jobs
South Dakota,title:(data engineer),data engineer jobs in South Dakota,Page 1 of 25 jobs
South Dakota,title:(data scientist),data scientist jobs in South Dakota,Page 1 of 2 jobs
South Dakota,title:(data analyst),data analyst jobs in South Dakota,Page 1 of 17 jobs
Tennessee,title:(data engineer),data engineer jobs in Tennessee,Page 1 of 244 jobs
Tennessee,title:(data scientist),data scientist jobs in Tennessee,Page 1 of 87 jobs
Tennessee,title:(data analyst),data analyst jobs in Tennessee,Page 1 of 192 jobs
Texas,title:(data engineer),data engineer jobs in Texas,"Page 1 of 2,063 jobs"
Texas,title:(data scientist),data scientist jobs in Texas,Page 1 of 634 jobs
Texas,title:(data analyst),data analyst jobs in Texas,"Page 1 of 1,138 jobs"
Utah,title:(data engineer),data engineer jobs in Utah,Page 1 of 187 jobs
Utah,title:(data scientist),data scientist jobs in Utah,Page 1 of 52 jobs
Utah,title:(data analyst),data analyst jobs in Utah,Page 1 of 127 jobs
Vermont,title:(data engineer),data engineer jobs in Vermont,Page 1 of 20 jobs
Vermont,title:(data scientist),data scientist jobs in Vermont,Page 1 of 11 jobs
Vermont,title:(data analyst),data analyst jobs in Vermont,Page 1 of 31 jobs
Virginia,title:(data engineer),data engineer jobs in Virginia,"Page 1 of 1,071 jobs"
Virginia,title:(data scientist),data scientist jobs in Virginia,Page 1 of 683 jobs
Virginia,title:(data analyst),data analyst jobs in Virginia,Page 1 of 630 jobs
Washington State,title:(data engineer),data engineer jobs in Washington State,"Page 1 of 1,130 jobs"
Washington State,title:(data scientist),data scientist jobs in Washington State,Page 1 of 596 jobs
Washington State,title:(data analyst),data analyst jobs in Washington State,Page 1 of 356 jobs
West Virginia,title:(data engineer),data engineer jobs in West Virginia,Page 1 of 23 jobs
West Virginia,title:(data scientist),data scientist jobs in West Virginia,Page 1 of 3 jobs
West Virginia,title:(data analyst),data analyst jobs in West Virginia,Page 1 of 32 jobs
Wisconsin,title:(data engineer),data engineer jobs in Wisconsin,Page 1 of 173 jobs
Wisconsin,title:(data scientist),data scientist jobs in Wisconsin,Page 1 of 69 jobs
Wisconsin,title:(data analyst),data analyst jobs in Wisconsin,Page 1 of 163 jobs
Wyoming,title:(data engineer),data engineer jobs in Wyoming,Page 1 of 20 jobs
Wyoming,title:(data scientist),data scientist jobs in Wyoming,Page 1 of 3 jobs
Wyoming,title:(data analyst),data analyst jobs in Wyoming,Page 1 of 28 jobs
